{
    "oldParams": true,
    "wave_type": 0,
    "p_env_attack": 0.08559852022709714,
    "p_env_sustain": 0.09066025436795377,
    "p_env_punch": 0,
    "p_env_decay": 0.27752549139558236,
    "p_base_freq": 0.7527640559620035,
    "p_freq_limit": 0,
    "p_freq_ramp": 0.27835023298226313,
    "p_freq_dramp": 0,
    "p_vib_strength": 0,
    "p_vib_speed": 0,
    "p_arp_mod": 0,
    "p_arp_speed": 0,
    "p_duty": 0.06980287590149978,
    "p_duty_ramp": 0,
    "p_repeat_speed": 0,
    "p_pha_offset": 0,
    "p_pha_ramp": 0,
    "p_lpf_freq": 1,
    "p_lpf_ramp": 0,
    "p_lpf_resonance": 0,
    "p_hpf_freq": 0.9625331699545298,
    "p_hpf_ramp": 0,
    "sound_vol": 0.25,
    "sample_rate": 5512,
    "sample_size": 8
}