{
    "oldParams": true,
    "wave_type": 0,
    "p_env_attack": 0,
    "p_env_sustain": 0.3452932950037132,
    "p_env_punch": 0,
    "p_env_decay": 0.10259434036976543,
    "p_base_freq": 0.20725572951904064,
    "p_freq_limit": 0,
    "p_freq_ramp": 0.11579033087754068,
    "p_freq_dramp": 0,
    "p_vib_strength": 0.6878807440521917,
    "p_vib_speed": 0.28624328081720163,
    "p_arp_mod": 0,
    "p_arp_speed": 0,
    "p_duty": 0.08376737028585712,
    "p_duty_ramp": 0,
    "p_repeat_speed": 0,
    "p_pha_offset": 0,
    "p_pha_ramp": 0,
    "p_lpf_freq": 1,
    "p_lpf_ramp": 0,
    "p_lpf_resonance": 0,
    "p_hpf_freq": 0,
    "p_hpf_ramp": 0,
    "sound_vol": 0.25,
    "sample_rate": 5512,
    "sample_size": 8
}