{
    "oldParams": true,
    "wave_type": 3,
    "p_env_attack": 0,
    "p_env_sustain": 0.23622718590263578,
    "p_env_punch": 0.29163605657376457,
    "p_env_decay": 0.11475900610171508,
    "p_base_freq": 0.09521737825560118,
    "p_freq_limit": 0,
    "p_freq_ramp": -0.37647531129035317,
    "p_freq_dramp": 0,
    "p_vib_strength": 0,
    "p_vib_speed": 0,
    "p_arp_mod": -0.2982332774250005,
    "p_arp_speed": 0.693675067356931,
    "p_duty": 0,
    "p_duty_ramp": 0,
    "p_repeat_speed": 0,
    "p_pha_offset": 0,
    "p_pha_ramp": 0,
    "p_lpf_freq": 1,
    "p_lpf_ramp": 0,
    "p_lpf_resonance": 0,
    "p_hpf_freq": 0,
    "p_hpf_ramp": 0,
    "sound_vol": 0.25,
    "sample_rate": 5512,
    "sample_size": 8
}